{"position":{"x":0.800000011920929,"y":-6.199999809265137,"z":-3.0},"life":6,"money":0,"doubleJump":false,"currentScene":1}